{
	form: {
		"apsdb.store": {
			label: "Store",
			type: "store",
			required: true,
			editableAfterCreation: false
		},
		"apsdb.saveDocumentACL": {
			label: "SaveDocumentACL",
			type: "acl",
			default: "authenticated-users"
		},
		"apsdb.deleteDocumentACL": {
			label: "DeleteDocumentACL",
			type: "acl",
			default: "authenticated-users"
		},
		"apsdb.getFileACL": {
			label: "GetFileACL",
			type: "acl",
			default: "anonymous"
		},
		"apsdb.queryACL": {
			label: "QueryACL",
			type: "acl",
			default: "anonymous"
		},
	},

	order: [
		"apsdb.store", "apsdb.saveDocumentACL", "apsdb.deleteDocumentACL", "apsdb.getFileACL", "apsdb.queryACL"
	]
}
