{
	form: {
		"apsdb.store": {
			label: "Store",
			type: "store",
			required: true,
			editableAfterCreation: false
		},
		"apsdb.documentKey": {
			type: "documentKey",
			required: false
		},
		"login": {
			type: "string",
			required: false
		},
		"apsdb.versionNumber": {
			type: "numeric"
		},
		"apsdb.fieldName": {
			type: "field",
			required: true
		},
		"apsdb.fileName": {
			type: "string",
			required: true
		},
		"apsdb.setContentDisposition": {
			type: "boolean"
		},
		"apsdb.runAs": {
			type: "user"
		}
	},

	order: [
		"apsdb.fileName", "apsdb.store", "apsdb.documentKey", "login", "apsdb.versionNumber", "apsdb.fieldName", "apsdb.setContentDisposition", "apsdb.runAs"
	]
}
