{
	form: {
		"apsdb.store": {
			type: "store"
		},
		"apsdb.query": {
			type: "string",
			required: true
		},
		"apsdb.queryFields": {
			type: "string"
		},
		"apsdb.sort": {
			type: "string"
		},
		"apsdb.resultsPerPage": {
			type: "number"
		},
		"apsdb.pageNumber": {
			type: "number"
		},
		"apsdb.ftsQuery": {
			type: "string"
		},
		"apsdb.count": {
			type: "boolean"
		},
		"apsdb.forceCurrentSnapshot": {
			type: "boolean"
		},
		"apsdb.aggregatePage": {
			type: "boolean"
		},
		"apsdb.aggregateGlobal": {
			type: "boolean"
		},
		"apsdb.aggregateExpression": {
			type: "string"
		},
		"apsdb.aggregateGroupBy": {
			type: "aggregateGroupBy"
		},
		"apsdb.runAs": {
			type: "user"
		},
		"apsdb.deniedFields": {
			type: "string"
		},
		"apsdb.queryName": {
			type: "string"
		},
		"apsdb.lock": {
			type: "boolean"
		},
		"apsdb.includeFieldType": {
			type: "boolean"
		},
		"apsdb.clientCacheTime": {
			type: "number"
		}
	}
}

