{
	form: {
		"apsdb.store": {
			type: "store"
		},
		"apsdb.schema": {
			type: "schema"
		},
		"apsdb.documentKey": {
			type: "string"
		},
		"* (Fields)": {
			type: "*",
			key: "fieldName",
			value: "value"
		},
		"*.apsdb.fieldType": {
			type: "dataType",
			key: "fieldName",
			value: "type"
		},
		"* (Files)": {
			type: "file",
			key: "fieldName",
			value: "file"
		},
		"apsdb.multivalueAppend": {
			type: "string"
		},
		"*.apsdb.delete": {
			type: "string",
			key: "fieldName",
			value: "value"
		},
		"apsdb.ftsFields": {
			type: "string"
		},
		"apsdb.revisionNumber": {
			type: "string"
		},
		"apsdb.versioning": {
			type: "boolean"
		},
		"apsdb.latestVersion": {
			type: "numeric"
		},
		"apsdb.update": {
			type: "boolean"
		},
		"apsdb.runAs": {
			type: "user"
		}
	}
}

