{
	form: {
		"login": {
			type: "string",
			required: true
		},

		"password": {
			type: "password",
		},

		"name": {
			type: "string",
			required: true
		},

		"email": {
			type: "string",
			required: true
		},

		"* (groups)": {
			type: "string",
			key: "fieldName",
			value: "value",
			fixedKeyValue: "groups"
		},

		"isSuspended": {
			type: "boolean"
		},
		
		"* (additional fields)": {
			type: "*",
			key: "fieldName",
			value: "value"
		},
		
		"*.apsdb.fieldType": {
			type: "dataType",
			key: "fieldName",
			value: "type"
		},
		
		"* (files)": {
			type: "file",
			key: "fieldName",
			value: "file"
		},
		
		"apsdb.multivalueAppend": {
			type: "string"
		},
		
		"*.apsdb.delete": {
			type: "string",
			key: "fieldName",
			value: "value"
		},

		"apsdb.update": {
			type: "boolean"
		},
		
		"apsdb.runAs": {
			type: "user"
		}
	}
}
