{
	form: {
		"apsdb.createSchemaACL": {
			type: "acl",
		},
		"apsdb.createScriptACL": {
			type: "acl",
		},
		"apsdb.sendEmailACL": {
			type: "acl",
		},
		"apsdb.disableSchemalessDocs": {
			type: "boolean",
		},
		"apsdb.optionalBindReferrer": {
			type: "boolean",
		},
		"apsdb.defaultTokenExpires": {
			type: "numeric",
		},
		"apsdb.maximumTokenExpires": {
			type: "numeric",
		},
		"apsdb.defaultTokenLifeTime": {
			type: "numeric",
		},
		"apsdb.maximumTokenLifeTime": {
			type: "numeric",
		},
		"apsdb.P3P": {
			type: "string",
		},
		"* (Stores Configuration)": {
			type: "string",
			key: "configName",
			value: "configValue"
		}
	}
}
