{
	form: {
		"apsma.from": {
			type: "email",
			required: true
		},

		"apsma.to": {
			type: "email",
			required: true
		},

		"apsma.cc": {
			type: "email"
		},

		"apsma.bcc": {
			type: "email"
		},

		"apsma.replyTo": {
			type: "email"
		},

		"apsma.subject": {
			type: "string"
		},

		"apsma.body": {
			type: "string"
		},

		"apsma.htmlBody": {
			type: "string"
		},
		
		"* (Attachment Parameters)": {
			type: "string",
			key: "paramName",
			value: "paramValue"
		},
		
		"* (Attachment Files)": {
			type: "file",
			key: "paramName",
			value: "file"
		}
	}
}
